"Status","Start Time","Stop Time","Duration in ms","Parent Suite","Suite","Sub Suite","Test Class","Test Method","Name","Description"
"passed","Tue Oct 25 15:30:14 GMT 2022","Tue Oct 25 15:30:17 GMT 2022","2730","Login page","Login tests","","","","Log In Form - Viewing/Hiding Password",""
"passed","Tue Oct 25 15:30:07 GMT 2022","Tue Oct 25 15:30:12 GMT 2022","4091","Login page","Login tests","","","","Log In Form - Invalid Username and Password6",""
"passed","Tue Oct 25 15:30:00 GMT 2022","Tue Oct 25 15:30:05 GMT 2022","5462","Login page","Login tests","","","","Log In Form General Display6",""
"passed","Tue Oct 25 15:30:17 GMT 2022","Tue Oct 25 15:30:21 GMT 2022","3960","Login page","Login tests","","","","Log In Form - Invalid Username and Password",""
"passed","Tue Oct 25 15:29:31 GMT 2022","Tue Oct 25 15:29:35 GMT 2022","3285","Login page","Login tests","","","","Log In Form - Invalid Username and Valid Password4",""
"passed","Tue Oct 25 15:29:08 GMT 2022","Tue Oct 25 15:29:10 GMT 2022","1944","Login page","Login tests","","","","Log In Form - Viewing/Hiding Password2",""
"failed","Tue Oct 25 15:29:02 GMT 2022","Tue Oct 25 15:30:12 GMT 2022","69089","Login page","Login tests","","","","Log In Form General Display3",""
"passed","Tue Oct 25 15:30:05 GMT 2022","Tue Oct 25 15:30:07 GMT 2022","2136","Login page","Login tests","","","","Log In Form - Viewing/Hiding Password6",""
"passed","Tue Oct 25 15:29:27 GMT 2022","Tue Oct 25 15:29:29 GMT 2022","1935","Login page","Login tests","","","","Log In Form - Viewing/Hiding Password7",""
"passed","Tue Oct 25 15:30:12 GMT 2022","Tue Oct 25 15:30:15 GMT 2022","3475","Login page","Login tests","","","","Log In Form - Invalid Username and Valid Password6",""
"passed","Tue Oct 25 15:29:13 GMT 2022","Tue Oct 25 15:29:22 GMT 2022","8921","Login page","Login tests","","","","Log In Form General Display4",""
"passed","Tue Oct 25 15:29:10 GMT 2022","Tue Oct 25 15:29:14 GMT 2022","3634","Login page","Login tests","","","","Log In Form - Invalid Username and Password2",""
"passed","Tue Oct 25 15:29:16 GMT 2022","Tue Oct 25 15:29:25 GMT 2022","8877","Login page","Login tests","","","","Log In Form General Display5",""
"passed","Tue Oct 25 15:30:19 GMT 2022","Tue Oct 25 15:30:22 GMT 2022","3332","Login page","Login tests","","","","Log In Form - Invalid Username and Valid Password3",""
"passed","Tue Oct 25 15:29:28 GMT 2022","Tue Oct 25 15:29:32 GMT 2022","4137","Login page","Login tests","","","","Log In Form - Invalid Username and Password5",""
"passed","Tue Oct 25 15:29:36 GMT 2022","Tue Oct 25 15:29:45 GMT 2022","9289","Login page","Login tests","","","","Log In Form - Existing User5",""
"passed","Tue Oct 25 15:30:15 GMT 2022","Tue Oct 25 15:30:22 GMT 2022","6764","Login page","Login tests","","","","Log In Form - Existing User6",""
"passed","Tue Oct 25 15:30:21 GMT 2022","Tue Oct 25 15:30:24 GMT 2022","3519","Login page","Login tests","","","","Log In Form - Invalid Username and Valid Password",""
"passed","Tue Oct 25 15:30:24 GMT 2022","Tue Oct 25 15:30:30 GMT 2022","5806","Login page","Login tests","","","","Log In Form - Existing User",""
"passed","Tue Oct 25 15:29:38 GMT 2022","Tue Oct 25 15:29:46 GMT 2022","8468","Login page","Login tests","","","","Log In Form - Existing User7",""
"passed","Tue Oct 25 15:29:32 GMT 2022","Tue Oct 25 15:29:36 GMT 2022","3731","Login page","Login tests","","","","Log In Form - Invalid Username and Valid Password5",""
"passed","Tue Oct 25 15:30:22 GMT 2022","Tue Oct 25 15:30:28 GMT 2022","5636","Login page","Login tests","","","","Log In Form - Existing User3",""
"passed","Tue Oct 25 15:30:12 GMT 2022","Tue Oct 25 15:30:14 GMT 2022","2744","Login page","Login tests","","","","Log In Form - Viewing/Hiding Password3",""
"passed","Tue Oct 25 15:30:14 GMT 2022","Tue Oct 25 15:30:19 GMT 2022","4228","Login page","Login tests","","","","Log In Form - Invalid Username and Password3",""
"passed","Tue Oct 25 15:29:29 GMT 2022","Tue Oct 25 15:29:34 GMT 2022","4162","Login page","Login tests","","","","Log In Form - Invalid Username and Password7",""
"passed","Tue Oct 25 15:29:22 GMT 2022","Tue Oct 25 15:29:24 GMT 2022","2445","Login page","Login tests","","","","Log In Form - Viewing/Hiding Password4",""
"passed","Tue Oct 25 15:29:25 GMT 2022","Tue Oct 25 15:29:31 GMT 2022","6797","Login page","Login tests","","","","Log In Form - Invalid Username and Password4",""
"failed","Tue Oct 25 15:29:14 GMT 2022","Tue Oct 25 15:30:16 GMT 2022","62602","Login page","Login tests","","","","Log In Form - Invalid Username and Valid Password2",""
"passed","Tue Oct 25 15:30:08 GMT 2022","Tue Oct 25 15:30:14 GMT 2022","5964","Login page","Login tests","","","","Log In Form General Display",""
"passed","Tue Oct 25 15:29:18 GMT 2022","Tue Oct 25 15:29:27 GMT 2022","9368","Login page","Login tests","","","","Log In Form General Display7",""
"passed","Tue Oct 25 15:29:34 GMT 2022","Tue Oct 25 15:29:38 GMT 2022","3911","Login page","Login tests","","","","Log In Form - Invalid Username and Valid Password7",""
"passed","Tue Oct 25 15:29:25 GMT 2022","Tue Oct 25 15:29:28 GMT 2022","2659","Login page","Login tests","","","","Log In Form - Viewing/Hiding Password5",""
"failed","Tue Oct 25 15:30:16 GMT 2022","Tue Oct 25 15:31:19 GMT 2022","62914","Login page","Login tests","","","","Log In Form - Existing User2",""
"passed","Tue Oct 25 15:28:59 GMT 2022","Tue Oct 25 15:29:08 GMT 2022","8996","Login page","Login tests","","","","Log In Form General Display2",""
"passed","Tue Oct 25 15:29:35 GMT 2022","Tue Oct 25 15:29:42 GMT 2022","7226","Login page","Login tests","","","","Log In Form - Existing User4",""
